Wildcreek Apartments,33.8184018,-84.2376385,(404) 857-2288,100 Wild Cir,Clarkston,30021
Time Space Organization,33.8029577,-84.2366929,(404) 299-5111,3919 Market St,Clarkston,30021
Pythagoras Lodge,33.7758236,-84.2962074,,108 E Ponce de Leon Ave,Decatur,30030
Decatur Realty Associates Ltd,33.7758296,-84.2962765,(404) 377-4221,108 E Ponce de Leon Ave,Decatur,30030
Pichulik Properties,33.7758116,-84.2959739,(404) 378-1115,114 E Ponce de Leon Ave,Decatur,30030
Common Ground Real Estate,33.7758118,-84.2984559,(678) 408-2473,201 W Ponce de Leon Ave,Decatur,30030
Keller Williams Realty,33.776187,-84.3005038,(404) 585-1294,315 W Ponce de Leon Ave,Decatur,30030
Golley Realty Group,33.776065,-84.302718,(404) 377-4216,403 W Ponce de Leon Ave,Decatur,30030
Sunstate Realty Partners,33.7758272,-84.3027657,(321) 288-6676,407 W Ponce de Leon Ave,Decatur,30030
Georgia Real Estate Investments,33.7851098,-84.287858,(404) 378-5064,261 Mt Vernon Dr,Decatur,30030
Sequel Realty,33.769861,-84.314021,(404) 590-7555,349 W Parkwood Rd,Decatur,30030
Office Suites PLUS (Decatur),33.7776147,-84.2969749,(678) 954-5800,160 Clairemont Ave,Decatur,30030
Regus Decatur,33.7775806,-84.2968072,(678) 954-5800,160 Clairemont Ave,Decatur,30030
Real Estate Mojo,33.7765136,-84.295939,(404) 667-0629,125 Clairemont Ave,Decatur,30030
One Decatur Town Center,33.7765136,-84.295939,(404) 378-6546,125 Clairemont Ave,Decatur,30030
Decatur Crossing,33.780052,-84.2775904,(404) 298-1991,100 Grayson Pl,Decatur,30030
The Cottage Bed & Breakfast,33.7627525,-84.273291,(404) 354-4334,1103 Walker Dr,Decatur,30030
Decatur Square Condominiums at Glenlake Park,33.7842246,-84.2925086,(770) 777-6890,1177 Church St,Decatur,30030
The Apartments At President Park,33.788439,-84.3050359,(844) 845-3012,1231 Clairmont Rd,Decatur,30030
Joseph Riley Realty Co,33.754971,-84.275598,(404) 284-1026,1334 Carter Rd,Decatur,30030
Garden House Bed & Breakfast,33.7825837,-84.3040804,(404) 377-3057,135 Garden Ln,Decatur,30030
North Decatur Garden Apartments,33.7884223,-84.2892493,(404) 377-7353,1400 Church St,Decatur,30030
HausZwei Homes,33.7527332,-84.2849586,(404) 299-7100,1460 Deerwood Dr,Decatur,30030
Pairadox Properties Inc,33.782698,-84.3161996,(404) 377-8547,1792 Vickers Cir,Decatur,30030
Fossett Realty,33.779454,-84.302444,(404) 377-2767,204 Lamont Dr,Decatur,30030
Re/Max Executives,33.766715,-84.289822,(404) 371-5118,207 Winnona Dr,Decatur,30030
The Vinson Group Inc..,33.766715,-84.289822,(404) 218-7874,207 Winnona Dr,Decatur,30030
Victor M Rowland Realty Co,33.7858694,-84.2881145,(404) 378-4898,217 Forkner Dr,Decatur,30030
Real Estate Services,33.7714022,-84.2861189,(404) 373-6000,220 Weeks St,Decatur,30030
Free Atlanta HOME Search,33.7560498,-84.302651,(404) 432-1844,232 Spring St,Decatur,30030
Masterpiece Realty,33.7703879,-84.30695,(404) 377-6568,242 Adair St,Decatur,30030
Mai Properties LLC,33.7630151,-84.3022971,(404) 377-7829,271 Jefferson Pl,Decatur,30030
Village Realty Group LLC,33.7706295,-84.2769498,(404) 534-2214,2759 Royal Bluff,Decatur,30030
Bondhus Design Builds,33.7806939,-84.2823839,(770) 231-9756,614 Sycamore Dr,Decatur,30030
Tillie's Properties,33.7837926,-84.3018712,(404) 355-9637,703 Clairemont Ave,Decatur,30030
Maple Walk Apartments,33.7607851,-84.2555806,(404) 566-9211,1160 Maple Walk Cir,Decatur,30032
Dillard Real Estate,33.742474,-84.272358,(404) 288-2303,2879 White Oak Dr,Decatur,30032
Kenmac Realty Inc,33.7539019,-84.2420793,(404) 289-0454,3581 Turner Heights Dr,Decatur,30032
Sean Gettings Real Estate Investor,33.7571712,-84.2623043,(404) 284-2136,1263 Celia Way,Decatur,30032
Capital G Investors LLC,33.73556,-84.3072547,(404) 377-9370,1964 Barberrie Ln,Decatur,30032
Burgess Realty Co Inc,33.720721,-84.24437,(404) 289-6086,2319 Springside Way,Decatur,30032
Bj Tolliver,33.7201598,-84.2467764,(404) 288-6274,2335 Springside Ln,Decatur,30032
Bonsari Inc,33.7145164,-84.2708933,(404) 243-4444,2572 Candler Rd,Decatur,30032
Funky Estates - We Buy Houses in Atlanta,33.734938,-84.2829899,(404) 468-7442,2615 Northview Ave,Decatur,30032
Seven Summits LLC,33.739187,-84.287744,(404) 534-3052,3182 Glenwood Rd,Decatur,30032
Southern Estate Group,33.757674,-84.253314,(770) 330-9404,3331 Beech Dr,Decatur,30032
Cody Realty Co,33.7388205,-84.2801042,(404) 288-4400,3374 Glenwood Rd,Decatur,30032
Oak Tree Villas,33.7689291,-84.2471329,(404) 692-7469,3465 Kensington Rd,Decatur,30032
Paris & Associates Realty Inc,33.8341157,-84.2688704,(404) 728-0759,1787 Wilsons Crossing Dr,Decatur,30033
Williamsburg,33.80847,-84.3028999,(888) 884-8728,1060 N Jamestown Rd,Decatur,30033
Toro Properties Rehab LLC,33.8167194,-84.2989407,(404) 486-0579,2209 Spring Creek Rd,Decatur,30033
Murphy Business & Financial Corporation of Decatur,33.830704,-84.283998,(404) 486-0350,1664 Colebrook Cir,Decatur,30033
Cara Realty Inc,33.8251778,-84.2567823,(770) 492-1389,2771 Lawrenceville Hwy,Decatur,30033
Weichert Realtors,33.8251823,-84.2567923,(770) 492-1390,2771 Lawrenceville Hwy,Decatur,30033
Ridgebrook Properties Inc,33.8235465,-84.2868765,(770) 938-2766,1472 Leafmore Ridge,Decatur,30033
Clairmont Reserve,33.800659,-84.30754,(404) 315-8101,1575 Clairmont Rd,Decatur,30033
Lanford Land Sales,33.81985,-84.300652,(404) 728-0291,2168 Tanglewood Rd,Decatur,30033
National Investment Properties,33.819083,-84.295124,(404) 321-4272,2301 Tanglewood Rd,Decatur,30033
Zortman Properties,33.815581,-84.279138,(404) 984-6153,2694 Shetland Dr,Decatur,30033
JWB Realty Svc LLC,33.8251561,-84.2568086,(678) 534-0679,2771 Lawrenceville Hwy,Decatur,30033
Atlantic Hospitality Advisors,33.825936,-84.272096,(770) 493-6828,2858 Pangborn Ct,Decatur,30033
Valley Brook Crossing Apartments,33.8009825,-84.2641271,(404) 299-9305,777 Valleybrook Xing,Decatur,30033
Opulence Real Estate Group,33.6818665,-84.239141,(404) 396-4519,3656 Cherry Ridge Blvd,Decatur,30034
Gaither Realty,33.6792682,-84.2403299,(404) 244-0084,3539 Cherry Hill Ct,Decatur,30034
Ventures Unlimited Inc,33.6792682,-84.2403299,(404) 244-0084,3539 Cherry Hill Ct,Decatur,30034
First Choice Properties,33.6781294,-84.2428654,(404) 438-3992,4048 Waldrop Hills Dr,Decatur,30034
Apollo Associates Realty,33.676387,-84.27833,(404) 244-9422,2718 River Summit Ln,Decatur,30034
Heritage Circle Realty Inc,33.7023518,-84.2181476,(404) 288-5001,2785 Autumn Lake Ln,Decatur,30034
Peach Realtors Inc,33.6875712,-84.2552365,(404) 243-8171,4153 Flat Shoals Pkwy,Decatur,30034
Miles Properties Inc,33.6967093,-84.2670114,(404) 243-0029,3859 Flat Shoals Pkwy,Decatur,30034
Elvan Properties,33.6828161,-84.241341,(404) 212-2519,4555 Flat Shoals Pkwy,Decatur,30034
Realty Etc,33.6755232,-84.2317649,(770) 981-0904,3773 Flakes Mill Rd,Decatur,30034
G Q Realty,33.6676082,-84.2245785,(770) 981-6259,3910 Wake Forest Rd,Decatur,30034
Reddick & Peak Realty,33.681115,-84.220725,(770) 323-1298,4101 Chapel Mill Way,Decatur,30034
Atlanta Short Sale Specialists Multiple Realty Solutions,33.7066896,-84.2670135,(404) 462-7498,1538 Fairlake Dr,Decatur,30034
Lime Key Pro Real Estate Services,33.710029,-84.295233,(404) 243-0243,2332 Brandenberry Ct,Decatur,30034
Century MLS Realty,33.708044,-84.236495,(678) 905-6925,2688 Arcaro Ct,Decatur,30034
Echelon Investments LLC,33.7084481,-84.2777243,(404) 241-9372,2754 Williamsburg Dr,Decatur,30034
LTORealEstate,33.7062384,-84.2289484,,2803 Slumber Trail,Decatur,30034
Group of Trinity,33.699863,-84.290717,(404) 381-5030,2895 Battlecrest Dr,Decatur,30034
Sunset Lodge,33.7130897,-84.26904,(404) 241-8770,2942 Ember Dr,Decatur,30034
Frazier Realty,33.6878746,-84.2386264,(404) 241-8754,3269 Creekway Dr,Decatur,30034
Happy Homeowners Club LLC,33.6815182,-84.2725488,(404) 419-6222,3556 Panthersville Rd,Decatur,30034
John W Hamm Realty Inc,33.698466,-84.239774,(404) 286-4300,3622 Columbia Pkwy,Decatur,30034
Cross Creek Realty,33.710861,-84.236092,(678) 526-7114,3747 Rainover Dr,Decatur,30034
Assist To Buy Program Inc,33.7031494,-84.2354934,(678) 709-0120,3782 Citation Dr,Decatur,30034
Dynamic Real Estate Group Inc,33.669114,-84.222167,(770) 557-1941,3831 Valpariso Cir,Decatur,30034
Harvest Lodge,33.6720376,-84.2219259,,4098 Depauw Way,Decatur,30034
MMJ Realty Group,33.694344,-84.218404,(770) 987-3336,4157 Archer Trail,Decatur,30034
Cotten-Taylor Realty,33.6761054,-84.2174601,(770) 987-2006,4195 Pepperdine Dr,Decatur,30034
Homes In Atlanta Realty,33.792033,-84.250171,(404) 865-1244,3384 Lantern View Ln,Scottdale,30079
New Continental Property LLC,33.8633698,-84.2354405,(770) 493-4426,2630 Henderson Ridge Dr,Tucker,30084
Atlanta Real Estate - Kyle Eaves REALTOR®,33.8437003,-84.2522568,(770) 698-5447,4073 Lavista Rd,Tucker,30084
Better Homes and Gardens Real Estate Metro Brokers,33.844012,-84.252224,(404) 843-2500,4073 Lavista Rd,Tucker,30084
BHGRE Metro Brokers - Jennifer McClue,33.8442309,-84.2533846,(404) 843-8500,4073 Lavista Rd,Tucker,30084
Metrobrokers - Linda Holder,33.8442343,-84.2533847,(770) 648-1334,4073 Lavista Rd,Tucker,30084
Green Park Apartments,33.843747,-84.250713,(770) 724-5006,2037 Weems Rd,Tucker,30084
Strickland Realty Co,33.834408,-84.2421339,(770) 934-4848,3217 Lawrenceville Hwy,Tucker,30084
Hampton Properties,33.8251621,-84.2405898,(770) 938-1577,3623 Marlborough Dr,Tucker,30084
Courtyard Atlanta Northlake,33.844726,-84.25123,(770) 938-1200,4083 Lavista Rd,Tucker,30084
Reosouth,33.8532029,-84.2199235,(770) 493-6662,4119 Adrian St,Tucker,30084
Atlanta MLS,33.7616295,-84.3856057,(404) 239-3976,265 Peachtree Center Ave NE,Atlanta,30303
Palmer House,33.7554587,-84.3805923,(404) 249-1316,171 Auburn Ave NE,Atlanta,30303
Zellerman by JFA,33.7568655,-84.387891,(305) 200-7030,127 Peachtree St NE,Atlanta,30303
Core Net Global Inc,33.7575889,-84.3871957,(404) 589-3200,133 Peachtree St NE,Atlanta,30303
Rem Associates Inc Candler,33.7569077,-84.3879474,(404) 523-1200,127 Peachtree St NE,Atlanta,30303
Home Realty Inc.,33.755381,-84.3818423,(404) 549-9005,171 Auburn Ave NE,Atlanta,30303
Herzberg Realty Co,33.7549536,-84.3896531,(404) 525-0786,34 Peachtree St NW,Atlanta,30303
Newyork Newyork,33.761739,-84.3901467,,250 Spring St NW,Atlanta,30303
Atlanta Xchange,33.7584472,-84.3902956,(404) 525-8190,123 Luckie St NW,Atlanta,30303
S & L Associates Financial,33.754189,-84.3906242,(404) 656-2072,2 Peachtree St NW,Atlanta,30303
The Westin Peachtree Plaza Atlanta,33.7594111,-84.387917,(404) 659-1400,210 Peachtree St NW,Atlanta,30303
180 Holiday,33.7603669,-84.3895751,,230 Spring St NW,Atlanta,30303
Popular Properties,33.75476,-84.389909,(404) 523-0052,32 Peachtree St NW,Atlanta,30303
Gordon Inman Partners,33.7522794,-84.3952968,(404) 688-9800,233 Mitchell St SW,Atlanta,30303
JorJa Peach Realty & Investments LLC,33.7546671,-84.3905819,(404) 223-1216,20 Marietta St,Atlanta,30303
T Dallas Smith & Co,33.7567646,-84.392258,(404) 525-8212,101 Marietta St,Atlanta,30303
Atlanta Vacation Rental,33.7546169,-84.3905809,,20 Marietta St,Atlanta,30303
Lands & Developments,33.7546166,-84.3906281,(678) 320-4816,20 Marietta St,Atlanta,30303
I W Entrekin Co,33.8403778,-84.3743133,(404) 237-6494,3128 E Shadowlawn Ave NE,Atlanta,30305
Re/Max AROUND ATLANTA,33.8186435,-84.3732083,(404) 237-9011,425 Peachtree Hills Ave NE,Atlanta,30305
Re/Max Around Atlanta,33.8190595,-84.3731521,(404) 592-5755,425 Peachtree Hills Ave NE,Atlanta,30305
RC Limited LLC,33.8389925,-84.3776139,(678) 402-3120,309 East Paces Ferry Rd NE,Atlanta,30305
Sobu Flats,33.8393513,-84.3749936,(404) 233-3034,374 East Paces Ferry Rd NE,Atlanta,30305
Corporate Real Estate Advisors,33.838547,-84.372784,(404) 816-2200,460 East Paces Ferry Rd NE,Atlanta,30305
Harry Norman Realtors,33.8390255,-84.3704874,(404) 504-7300,532 East Paces Ferry Rd NE,Atlanta,30305
Mullins Dawn,33.8390075,-84.3704971,(404) 233-4142,532 East Paces Ferry Rd NE,Atlanta,30305
Kincheloe Real Estate Investme,33.840737,-84.365176,(404) 261-2795,677 East Paces Ferry Rd NE,Atlanta,30305
Wilmer Properties Inc,33.8263689,-84.3918978,(404) 869-7900,55 N Muscogee Ave NW,Atlanta,30305
Camden Paces Apartments,33.843735,-84.382324,(404) 657-4323,77 E Andrews Dr NW,Atlanta,30305
Office Warehouse Brokerage Inc,33.8423928,-84.3703856,(404) 361-8026,3131 Piedmont Rd NE,Atlanta,30305
Capital Gains Inc,33.8502281,-84.3828603,(678) 942-4614,3491 Roswell Rd NE,Atlanta,30305
Nash Commercial Incorporated,33.8423928,-84.3703856,(404) 949-9866,3131 Piedmont Rd NE,Atlanta,30305
Atlanta Business Brokers LLC,33.840606,-84.370632,(678) 777-0147,3108 Piedmont Rd NE,Atlanta,30305
Toxaway Capital Partners,33.7548239,-84.382362,(404) 812-0505,14 Piedmont Ave NE,Atlanta,30305
Atlanta Buckhead Realty,33.8507736,-84.3772053,(404) 478-3330,14 Piedmont Rd NE,Atlanta,30305
Elle of Buckhead,33.8363747,-84.3797704,(877) 676-5525,235 Pharr Rd NE,Atlanta,30305
The Baron on Peachtree,33.8231067,-84.3868377,,2499 Peachtree Rd NE,Atlanta,30305
Executive Boutique Villas,33.832226,-84.368681,(678) 895-8185,2846 Piedmont Rd NE,Atlanta,30305
The Actors Bridge,33.8326139,-84.3675261,(770) 685-0775,2849 Piedmont Rd NE,Atlanta,30305
Believe Realty & Investments,33.8338737,-84.3682833,(678) 732-9834,2900 Piedmont Rd NE,Atlanta,30305
Partnership Title Company,33.8348129,-84.3669871,(404) 207-1620,2921 Piedmont Rd NE,Atlanta,30305
Livaditis Realty Co,33.8355438,-84.3676825,(404) 261-4467,2963 Piedmont Rd NE,Atlanta,30305
Blue Ridge Capital,33.835631,-84.37594,(404) 364-9094,2967 Grandview Ave NE,Atlanta,30305
Diversified Executive Ent,33.835639,-84.374447,(404) 254-5846,2967 Lookout Pl NE,Atlanta,30305
Custom Cottages,33.8359553,-84.3703365,(404) 262-3499,2969 Hardman Ct NE,Atlanta,30305
Specialty Homes Inc,33.8362749,-84.3708545,(404) 231-5678,2980 Hardman Ct NE,Atlanta,30305
Mc Camy Properties,33.8390709,-84.372154,(404) 262-9210,3076 Maple Dr NE,Atlanta,30305
Kaufman Realty Group,33.840077,-84.37039,(404) 467-9420,3098 Piedmont Rd NE,Atlanta,30305
Casterline Real Estate,33.8423928,-84.3703856,(404) 816-8020,3131 Piedmont Rd NE,Atlanta,30305
J & E Real Estate,33.8423928,-84.3703856,(404) 949-5628,3131 Piedmont Rd NE,Atlanta,30305
Julie Shield's Apartment,33.841779,-84.377497,,3180 Mathieson Dr NE,Atlanta,30305
Grand Hyatt Atlanta in Buckhead,33.845134,-84.370269,(404) 237-1234,3300 Peachtree Rd NE,Atlanta,30305
Atlanta Restaurants Broker,33.8483036,-84.3745233,(678) 777-0147,3432 Piedmont Rd NE,Atlanta,30305
The Cambridge at Buckhead Apartments,33.848068,-84.375175,(866) 207-0948,3432 Piedmont Rd NE,Atlanta,30305
Georgia Foreclosure Inc.,33.8519837,-84.3822995,(404) 545-7119,3541 Roswell Rd NE,Atlanta,30305
The Manor at Buckhead,33.851201,-84.379887,(404) 266-8093,3558 Piedmont Rd NE,Atlanta,30305
Executive Corporate Living,33.8512349,-84.3795028,(678) 705-2384,3560 Piedmont Rd NE,Atlanta,30305
W B Johnson International LLC,33.8360901,-84.3897585,(404) 237-7300,3000 Andrews Dr NW,Atlanta,30305
Maddox Land Co,33.820369,-84.398664,(404) 355-2717,2392 Dellwood Dr NW,Atlanta,30305
2460 Peachtree Apartments,33.8220126,-84.3883452,(866) 754-4279,2460 Peachtree St NW,Atlanta,30305
Park Place on Peachtree,33.8274846,-84.3881752,,2660 Peachtree St NW,Atlanta,30305
Two Girls and a Deal,33.8341023,-84.3826582,(678) 712-4885,2902 Peachtree St NW,Atlanta,30305
Manco Home Services,33.831523,-84.392552,(678) 508-5474,30 Cherokee Rd NW,Atlanta,30305
Mac Robison & Associates,33.842427,-84.405333,(404) 261-2223,3202 Verdun Dr NW,Atlanta,30305
Smithson Family LP,33.85195,-84.384948,(404) 233-3772,3585 Habersham Rd NW,Atlanta,30305
Stove Works Llc,33.8524248,-84.3846855,(404) 364-9565,3607 Habersham Rd NW,Atlanta,30305
Newton Harris LLC,33.817454,-84.411356,(404) 355-2294,711 Longwood Dr NW,Atlanta,30305
Brownstones At Honour,33.8515832,-84.3832076,(404) 846-5995,8 Honour Ave NW,Atlanta,30305
Megan Broom - Prudential Georgia Realty - Buckhead - Atlanta GA Homes For Sale,33.8420529,-84.3730071,(404) 590-7783,3221 Peachtree Rd,Atlanta,30305
CBRE Atlanta,33.8444192,-84.3709365,(404) 504-7900,3280 Peachtree Rd,Atlanta,30305
The Montana Group,33.8339329,-84.3842495,(404) 816-7878,2870 Peachtree Rd,Atlanta,30305
Rama Realestate,33.8339069,-84.3842826,(678) 561-2414,2870 Peachtree Rd,Atlanta,30305
Cousin Properties,33.8445226,-84.3706081,(404) 239-8376,3280 Peachtree Rd,Atlanta,30305
US Property Valuation LLC,33.8339719,-84.3842237,(404) 229-4691,2870 Peachtree Road,Atlanta,30305
Miles Properties Inc,33.8444972,-84.3707702,(404) 965-3300,3280 Peachtree Rd,Atlanta,30305
Atlanta Real Estate TV,33.8226445,-84.3864584,(404) 869-0096,2479 Peachtree Rd,Atlanta,30305
Springwood Property Company,33.8339083,-84.3842846,(404) 312-2213,2870 Peachtree Rd,Atlanta,30305
ForLease Atlanta,33.8345237,-84.3675255,(404) 228-0913,2911 Piedmont Rd,Atlanta,30305
Easystreet Realty-Georgia,33.8366275,-84.3817599,(404) 949-9328,3000 Peachtree Rd,Atlanta,30305
PROMOVE,33.8369003,-84.3811462,(404) 842-0042,3005 Peachtree Rd,Atlanta,30305
Atlanta Real Estate by Jeff Jackson/ Berkshire Hathaway HomeServices,33.8422728,-84.3730579,(404) 909-1965,3221 Peachtree Rd,Atlanta,30305
The Brown Property Group,33.842484,-84.373305,(404) 537-5200,3221 Peachtree Rd,Atlanta,30305
Terminus 100,33.8452896,-84.3715878,(404) 407-2000,3280 Peachtree Rd,Atlanta,30305
Coldwell Banker Residential Brokerage,33.792289,-84.353414,(404) 874-2262,1370 North Highland Ave NE,Atlanta,30306
Atlanta Dream Realty,33.7734694,-84.3551492,(678) 451-6184,985 Ponce De Leon Ave NE,Atlanta,30306
Copenhill Lofts & Condominiums,33.7681422,-84.3594431,(404) 614-0543,850 Ralph McGill Blvd NE,Atlanta,30306
N Morningside,33.7912206,-84.3562658,(404) 541-1495,1350 N Morningside Dr NE,Atlanta,30306
Ponce de Leon Place,33.7799866,-84.3633475,(470) 258-4124,929 Ponce De Leon Pl NE,Atlanta,30306
Bed & Breakfast Atlanta,33.7715206,-84.3618441,(404) 875-0525,790 North Avenue NE,Atlanta,30306
Area Atlanta Real Estate,33.7901451,-84.3324869,(404) 228-8152,1268 Oxford Rd NE,Atlanta,30306
KOMP Realty,33.7845519,-84.3455385,(404) 735-7253,1281 Briarwood Dr NE,Atlanta,30306
Highland Square,33.792925,-84.337772,(404) 888-9300,1400 Briarcliff Rd NE,Atlanta,30306
Mc Gill Co,33.791709,-84.332607,(404) 285-4553,1404 Cornell Rd NE,Atlanta,30306
Resolution Realty Inc,33.7981249,-84.3485828,(404) 249-9400,1601 Johnson Rd NE,Atlanta,30306
Virginia Highland Bed and Breakfast,33.78739,-84.366311,(404) 892-2735,630 Orme Cir NE,Atlanta,30306
Bonaventure Bed & Bath,33.7721943,-84.3612937,,650 Bonaventure Ave NE,Atlanta,30306
Greenwood Bed and Breakfast,33.7763965,-84.3631706,(404) 784-0462,737 Greenwood Ave NE,Atlanta,30306
Travis Reed Realty and Associates,33.776332,-84.362824,(404) 330-9065,747 Greenwood Ave NE,Atlanta,30306
Premier Capital-Realty Advisor,33.7769794,-84.3595419,(404) 897-5500,852 Greenwood Ave NE,Atlanta,30306
Canoe Classic Rentals,33.7783874,-84.3576984,(404) 358-7432,906 Drewry St NE,Atlanta,30306
Briarcliff Court Condos,33.7792686,-84.3446336,(855) 432-6267,913 Briarcliff Rd NE,Atlanta,30306
Cornerstone Corporation,33.789698,-84.335085,(404) 373-7665,1343 N Decatur Rd,Atlanta,30306
Qms Enterprises Llp,33.7881279,-84.329795,(404) 373-0657,1482 N Decatur Rd,Atlanta,30306
Freedom Height Lofts,33.7676745,-84.3598989,,400 Village Pkwy,Atlanta,30306
Perennial Properties,33.7624517,-84.35951,(404) 420-8510,240 North Highland Ave NE,Atlanta,30307
HMC Realty,33.7598729,-84.3613749,(404) 588-0911,834 Inman Village Pkwy NE,Atlanta,30307
Georgia eFlat Fee Realty,33.7612696,-84.3606717,(404) 591-4145,870 Inman Village Pkwy NE,Atlanta,30307
Land'ago Real Estate Advisors,33.7612068,-84.3602708,(404) 518-8787,870 Inman Village Pkwy NE,Atlanta,30307
Financial Executives Institute,33.7657693,-84.3485063,(404) 681-9878,1199 Euclid Ave NE,Atlanta,30307
Noell Consulting Group,33.7580065,-84.3642615,(404) 681-0006,130 Krog St NE,Atlanta,30307
Noell Consulting Group,33.7580343,-84.3643559,(404) 724-0172,130 Krog St NE,Atlanta,30307
Urban Oasis Bed and Breakfast,33.758132,-84.364565,(770) 714-8618,130 Krog St NE,Atlanta,30307
Boulevard Properties,33.769264,-84.342757,(404) 688-4544,1355 Euclid Ave NE,Atlanta,30307
Heartfield Manor Bed & Breakfast,33.7589891,-84.3574039,(404) 523-8633,182 Elizabeth St NE,Atlanta,30307
Bailie Real Estate & Property,33.7611941,-84.3293746,(404) 373-5174,246 Connecticut Ave NE,Atlanta,30307
Keller Williams: Drew Jackson,33.7626526,-84.3472149,(404) 889-4275,306 Elmira Pl NE,Atlanta,30307
Pine Top Properties Inc,33.7655109,-84.329812,(404) 377-6324,416 Leonardo Ave NE,Atlanta,30307
Alexan on Krog Apartments,33.7553247,-84.3647962,(404) 331-0620,44 Krog St NE,Atlanta,30307
Atlanta Decatur Homes,33.790458,-84.3141349,(404) 373-8924,502 Durand Dr NE,Atlanta,30307
The Brickworks,33.7589037,-84.3629128,,600 Brickworks Cir NE,Atlanta,30307
Sugar Magnolia Bed & Breakfast,33.7555319,-84.36126,(404) 222-0226,804 Edgewood Ave NE,Atlanta,30307
Peach House,33.7564799,-84.3617438,(404) 524-8899,88 Spruce St NE,Atlanta,30307
Keith Windell R Archt,33.7557192,-84.358066,(404) 688-7330,889 Edgewood Ave NE,Atlanta,30307
Inman Green,33.75588,-84.3557659,,972 DeKalb Ave NE,Atlanta,30307
North High Ridge Apartments,33.7712372,-84.3518188,(404) 892-3133,1088 North Avenue,Atlanta,30307
BuyNSellAtlanta.com,33.7922854,-84.3534123,(404) 326-0876,1370 North Highland Ave NE,Atlanta,30308
Proport,33.77269,-84.3804861,(404) 685-9798,214 Ponce De Leon Ave NE,Atlanta,30308
Camden Midtown Atlanta Apartments,33.7722325,-84.3787777,(404) 347-9200,265 Ponce De Leon Ave NE,Atlanta,30308
The Magnolia Room - Art House,33.7726213,-84.3752504,,368 Ponce De Leon Ave NE,Atlanta,30308
Clifton Jenkins Realty Inc,33.7722221,-84.3746584,(404) 607-7768,385 Ponce De Leon Ave NE,Atlanta,30308
Ponce Student Suites,33.7732838,-84.3688657,(678) 603-4529,551 Ponce De Leon Ave NE,Atlanta,30308
Atlanta Luxury Real Estate Hamilton Wilson Properties,33.7663886,-84.3676313,(678) 404-2852,455 Glen Iris Dr NE,Atlanta,30308
The Atlanta Real Estate Summit,33.7647375,-84.3895759,(404) 631-6338,45 Ivan Allen Jr Blvd NW,Atlanta,30308
W Atlanta - Downtown,33.765034,-84.389503,(404) 582-5800,45 Ivan Allen Jr Blvd NW,Atlanta,30308
Buckmaster Inc,33.7625418,-84.3878736,(404) 522-4583,300 West Peachtree St NW,Atlanta,30308
Room At Twelve,33.765388,-84.3880843,(404) 418-1250,400 West Peachtree St NW,Atlanta,30308
Kaplan Properties,33.7656738,-84.382179,(404) 748-6000,450 Piedmont Ave NE,Atlanta,30308
Becker Martin,33.770826,-84.3860891,(404) 876-3900,600 Peachtree St NE,Atlanta,30308
Atlanta Apartment Finders - RentalsGoneWild.com,33.7715415,-84.3813426,(404) 921-2519,625 Piedmont Ave NE,Atlanta,30308
E & E Capital Management LLC,33.7748149,-84.3811319,(404) 287-0074,741 Piedmont Ave NE,Atlanta,30308
active commercial services,33.7742341,-84.3849393,(678) 491-9553,710 Peachtree St NE,Atlanta,30308
Savannah Midtown,33.770555,-84.3803051,(404) 874-5252,215 North Avenue NE,Atlanta,30308
Savannah Midtown Apartments,33.7703044,-84.3801603,(404) 874-5252,215 North Avenue NE,Atlanta,30308
Two Girls and a Deal,33.7789265,-84.386384,(404) 933-4885,28 7th St NE,Atlanta,30308
SunTrust Plaza,33.763192,-84.386772,(404) 588-7711,303 Peachtree St NE,Atlanta,30308
Hyatt Place Atlanta/Downtown,33.7634649,-84.386898,(404) 577-1980,330 Peachtree St NE,Atlanta,30308
First Choice,33.775566,-84.3753909,(404) 645-6346,364 5th St NE,Atlanta,30308
Marquis Vista,33.7643885,-84.3822299,,396 Piedmont Ave NE,Atlanta,30308
Camden Fourth Ward Apartments,33.767849,-84.3668299,(404) 549-7087,477 Wilmer St NE,Atlanta,30308
Metro Atlanta Real Estate - Tom Phillips Realty,33.7686684,-84.3799768,(404) 272-2500,5 Carlisle Way NE,Atlanta,30308
Ivy Hall Apartments,33.771607,-84.381321,(404) 685-1661,625 Piedmont Ave NE,Atlanta,30308
Terraces at argonne,33.7748289,-84.376777,,699 Argonne Ave NE,Atlanta,30308
Jason Fox & Associates Inc,33.7748349,-84.3812996,(404) 239-7500,741 Piedmont Ave NE,Atlanta,30308
Zellerman by JFA,33.7748349,-84.3812996,(404) 239-7500,741 Piedmont Ave NE,Atlanta,30308
Thomas Ramon Realty,33.7765203,-84.3847987,(770) 713-1505,800 Peachtree St NE,Atlanta,30308
Habersham Property,33.7780239,-84.3807446,(404) 876-0651,855 Piedmont Ave NE,Atlanta,30308
Above Atlanta Realtors,33.778353,-84.3847791,(404) 226-5158,860 Peachtree St NE,Atlanta,30308
Seventh Midtown,33.7784145,-84.3840942,(404) 974-4399,867 Peachtree St NE,Atlanta,30308
Nicholson & Associates Inc,33.7778,-84.388053,(404) 874-6262,845 Spring St NW,Atlanta,30308
Construx Solutions LLC,33.771546,-84.385866,(404) 329-3000,620 Peachtree  St,Atlanta,30308
Harold E Williams & Co Real Estate,33.8013545,-84.3813595,(404) 605-0758,360 Robin Hood Rd NE,Atlanta,30309
Sunny Realty,33.8337663,-84.385539,,2870 Pharr Ct S NW,Atlanta,30309
MOVEINOW LLC,33.789796,-84.388011,(678) 815-8880,1912 1280 West Peachtree St NW,Atlanta,30309
SkyHouse Midtown,33.784687,-84.388245,(404) 892-0777,1080 West Peachtree St NW,Atlanta,30309
Sumitomo Life Realty,33.7870711,-84.3873598,(404) 249-7453,1201 West Peachtree St NW,Atlanta,30309
Hines,33.7870711,-84.3873598,(404) 870-2900,1201 West Peachtree St NW,Atlanta,30309
AHI Corporate Housing,33.7893723,-84.3881733,(404) 228-1670,1270 West Peachtree St NW,Atlanta,30309
Arts Center Tower,33.7893683,-84.3881812,(404) 817-7747,1270 West Peachtree St NW,Atlanta,30309
Beacon Management Services,33.7897071,-84.3879477,(404) 308-3188,1280 West Peachtree St NW,Atlanta,30309
Quantum Training Systems,33.7897074,-84.388129,(678) 999-0911,1280 West Peachtree St NW,Atlanta,30309
Toffi Properties,33.7895846,-84.3885222,(404) 821-0432,1280 West Peachtree St NW,Atlanta,30309
1280 West,33.7897794,-84.3879476,(678) 999-0914,1280 West Peachtree St NW,Atlanta,30309
Olmstead Realty,33.7878904,-84.3848754,(678) 916-2079,1230 Peachtree St NE,Atlanta,30309
Equity Office,33.7878904,-84.3848754,(404) 685-8393,1230 Peachtree St NE,Atlanta,30309
M & R Property,33.7927335,-84.3863698,(404) 888-9930,1389 Peachtree St NE,Atlanta,30309
Peachtree Properties,33.7930787,-84.3864073,(404) 875-1850,1401 Peachtree St NE,Atlanta,30309
Direct Link Realty,33.7934776,-84.3868461,(404) 961-4400,1421 Peachtree St NE,Atlanta,30309
CityMax Realty,33.780644,-84.383911,(404) 556-6700,933 Peachtree St NE,Atlanta,30309
PrivateMoneyWealth.com,33.784055,-84.379411,(678) 683-9310,1072 Piedmont Ave NE,Atlanta,30309
Live Realty Group,33.7801272,-84.3837172,(404) 850-7878,943 Peachtree St NE,Atlanta,30309
Pride Realty,33.786457,-84.381169,(404) 541-1370,195 14th St NE,Atlanta,30309
Lofts For Rent In Atlanta,33.7879361,-84.384879,,1230 Peachtree St NE,Atlanta,30309
Peregrine Oak,33.7878904,-84.3848754,(404) 671-3588,1230 Peachtree St NE,Atlanta,30309
Midtown Realty Group Inc.,33.7839084,-84.3828574,(770) 693-5760,1075 Peachtree St NE,Atlanta,30309
Servcorp - 12th & Midtown,33.7839583,-84.3830006,(404) 965-3700,1075 Peachtree St NE,Atlanta,30309
Fred Lemon & Associates Inc.,33.7930985,-84.3862436,(800) 987-0134,1401 Peachtree St NE,Atlanta,30309
Peachtree Offices at Midtown Inc,33.792936,-84.3865,(404) 870-6700,1401 Peachtree St NE,Atlanta,30309
Whole Life Financial LLC,33.785669,-84.381023,(678) 732-5732,195 14th St NE,Atlanta,30309
Davinci Virtual Office Solutions,33.7930985,-84.3862436,(404) 829-2721,1401 Peachtree St NE,Atlanta,30309
Daniel Realty Co LLC,33.78393,-84.385843,(404) 347-2156,1075 Peachtree Walk NE,Atlanta,30309
CONDO ELITE - Atlanta Condos For Sale - Midtown & High Rise Condos,33.7852449,-84.3860916,(404) 815-4627,1121 Peachtree Walk NE,Atlanta,30309
Dodie Gillespie Realty,33.7866747,-84.3790112,(404) 872-8322,1161 14th Pl NE,Atlanta,30309
Cousins Properties,33.7881749,-84.3853574,(404) 607-6700,1230 Peachtree St NE,Atlanta,30309
Simpson Organization Inc,33.7930571,-84.3863688,(404) 872-3990,1401 Peachtree St NE,Atlanta,30309
Gosa Properties,33.793476,-84.387456,(404) 604-3132,1420 Peachtree St NE,Atlanta,30309
Hungeling & Sons P.C.,33.8009816,-84.3931313,(404) 633-4600,1718 Peachtree St NE,Atlanta,30309
Specialty Homes Inc,33.8058293,-84.3873321,(404) 815-8989,205 Huntington Rd NE,Atlanta,30309
Atlanta Skyline Realty,33.7866037,-84.3815019,(404) 254-0184,216 14th St NE,Atlanta,30309
Cheroff Group,33.795314,-84.386294,(404) 892-0229,238 Peachtree Cir NE,Atlanta,30309
Wilburn House,33.7829394,-84.3786822,(404) 249-9308,250 11th St NE,Atlanta,30309
The Real Estate Company,33.7815169,-84.3768568,(404) 585-0662,321 10th St NE,Atlanta,30309
Ottley Properties Inc,33.8051109,-84.390274,(404) 249-7858,39 Palisades Rd NE,Atlanta,30309
Coldwell Banker NRT Development Advisors,33.779328,-84.384385,(404) 705-1584,900 Peachtree St NE,Atlanta,30309
Stonehurst Place,33.7798357,-84.3805776,(404) 881-0722,923 Piedmont Ave NE,Atlanta,30309
HHRE Group LLC,33.7799452,-84.3841901,(617) 653-1755,928 Peachtree St NE,Atlanta,30309
Richardson Realty Co,33.8045479,-84.3928822,(404) 351-0941,1819 Peachtree St NW,Atlanta,30309
Buckhead Real Estate,33.8137369,-84.3938282,(404) 317-1896,2140 Peachtree St NW,Atlanta,30309
Above Atlanta Realtors LLC,33.8049754,-84.3943503,(404) 226-5158,1820 Peachtree St NW,Atlanta,30309
Atlanta Restaurant Exchange,33.8004248,-84.3932974,(404) 892-4999,1708 Peachtree St NW,Atlanta,30309
Resource Investments Unlimited,33.8021919,-84.3989387,(404) 247-6246,130 26th St NW,Atlanta,30309
Castles,33.8155829,-84.392774,(404) 352-1194,1 Biscayne Dr NW,Atlanta,30309
Camden Brookwood Apartments,33.802936,-84.397144,(404) 541-0805,147 26th St NW,Atlanta,30309
1660 Peachtree,33.797441,-84.391599,(404) 287-1660,1660 Peachtree St NW,Atlanta,30309
Macquarium Building,33.80361,-84.3941337,(404) 352-0402,1800 Peachtree St NW,Atlanta,30309
Fifth Street Management,33.8045701,-84.3928917,(404) 419-9600,1819 Peachtree St NW,Atlanta,30309
The Brookwood,33.8051829,-84.3942156,(404) 874-7888,1820 Peachtree St NW,Atlanta,30309
Coro Realty,33.8126221,-84.3938123,(404) 355-3532,2140 Peachtree St NW,Atlanta,30309
Buckhead Midtown Office Suites,33.8144179,-84.3911553,(404) 351-0857,2221 Peachtree St NW,Atlanta,30309
Starker Services of Georgia,33.8144823,-84.3912069,(404) 352-1031,2221 Peachtree St NW,Atlanta,30309
Bryson Square at City Park,33.8035084,-84.4019275,(404) 870-9709,225 26th St NW,Atlanta,30309
J S Hare Properties Inc,33.797897,-84.4010629,(404) 881-8810,400 Garden Ln NW,Atlanta,30309
Resource Realty Service,33.7963617,-84.4027635,(404) 354-3417,453 Deering Rd NW,Atlanta,30309
Studios On 25th - Furnished Extended-Stay Apartments / Corporate Apartments / Vacation Rentals,33.8012521,-84.3950213,(404) 682-2847,47 25th St NW,Atlanta,30309
RE/MAX Greater Atlanta,33.7944726,-84.403356,(678) 898-4001,478 Trabert Ave NW,Atlanta,30309
The B-Line Broker,33.794462,-84.403339,(678) 898-4001,478 Trabert Ave NW,Atlanta,30309
The Manor House,33.8148463,-84.3934857,(404) 603-3509,50 Biscayne Dr NW,Atlanta,30309
Accelerated Commercial Projects,33.8003519,-84.394372,(404) 888-9400,57 Standish Ave NW,Atlanta,30309
Standish House - Vacation Rental / Corporate Apartment,33.8008291,-84.3945965,(404) 682-2847,71 Standish Ave NW,Atlanta,30309
Intown Elite,33.81525,-84.391322,(404) 478-7800,2221 Peachtree Rd,Atlanta,30309
Jocelynn in the City,33.8048095,-84.3936552,(404) 590-2934,1420 Peachtree Rd,Atlanta,30309
Kori Robinson - Realtor,33.8048095,-84.3936552,(770) 765-2270,1420 Peachtree Rd,Atlanta,30309
Atlanta Restaurants broker,33.8146764,-84.3911534,(678) 491-4658,2221 Peachtree Rd,Atlanta,30309
Atlanta's Phoenix Properties,33.783997,-84.383587,(678) 758-1069,1080 Peachtree street,Atlanta,30309
Cloud Virtual Office,33.7930985,-84.3862436,(888) 698-6334,1401 Peachtree Street,Atlanta,30309
Prudential Georgia Real Estate,33.783864,-84.348403,(404) 786-5400,1409 Peachtree St,Atlanta,30309
Amreit,33.8075068,-84.3934524,(404) 367-1494,1931 Peachtree Rd,Atlanta,30309
Buckhead Real Estate agent,33.8120772,-84.3921228,(404) 895-9618,2105 Peachtree Rd,Atlanta,30309
Perry Realty Services,33.816365,-84.38954,(404) 352-9566,2285 Peachtree Rd,Atlanta,30309
Platium Suites,33.7386328,-84.4294764,(404) 755-7417,1276 Ralph David Abernathy Blvd,Atlanta,30310
AAA Property Solutions,33.7392168,-84.4327839,(404) 474-4153,1369 Ralph David Abernathy Blvd,Atlanta,30310
Gingko Management,33.737915,-84.415431,(404) 963-6198,844 Ralph David Abernathy Blvd,Atlanta,30310
T L Allied Properties,33.735643,-84.445851,(678) 462-2780,1775 S Olympian Way SW,Atlanta,30310
wepaydollarsforhouses.com,33.736042,-84.4242345,,1111 Oglethorpe Avenue SW,Atlanta,30310
The District Realty,33.710311,-84.42115,(770) 616-2130,1010 Katherwood Dr SW,Atlanta,30310
Cross Roads Boulevard Properties,33.7405521,-84.4255304,(404) 752-8889,1154 Oak St SW,Atlanta,30310
Robbcott Llc,33.7107368,-84.4229519,(678) 705-9558,1620 Langston Ave SW,Atlanta,30310
Joseph Telford Team,33.710036,-84.409266,(770) 896-8443,1637 Athens Ave SW,Atlanta,30310
Storage Depot Lofts,33.7385089,-84.4093629,,644 Wells St SW,Atlanta,30310
Roane Properties,33.729279,-84.408984,(404) 752-8986,650 Pearce St SW,Atlanta,30310
Atlanta Property Management,33.7274699,-84.411078,(404) 590-7685,715 Brookline St SW,Atlanta,30310
Property Rental,33.725765,-84.411023,(404) 753-3197,716 Catherine St SW,Atlanta,30310
TC & S Real Estate,33.7403188,-84.4173625,(404) 920-8578,898 Oak St SW,Atlanta,30310
J M Moon Realty Co,33.7158465,-84.4704995,(404) 753-8417,1464 Mill Acres Dr SW,Atlanta,30311
Shiela Maddox Inc,33.7387047,-84.4943573,(404) 696-4127,3304 W Manor Ln SW,Atlanta,30311
Marvin R Meriwether Realty Co,33.7574273,-84.4748711,(404) 691-6953,109 Hollis Terrace NW,Atlanta,30311
Ivey Rental Properties,33.758816,-84.486656,(404) 691-7647,298 Hermer Cir NW,Atlanta,30311
Mc Coy Properties,33.691509,-84.484221,(404) 344-0491,2342 Ben Hill Rd,Atlanta,30311
Citywide Realty Associates Inc,33.7212699,-84.500011,(404) 699-9008,1265 Shanter Trail SW,Atlanta,30311
Pizza Hut Hadlock,33.708905,-84.445694,,1710 Hadlock St SW,Atlanta,30311
Mama Bear,33.732238,-84.452965,,2028 Shirley St SW,Atlanta,30311
Perry Hunter Realty LLC,33.751999,-84.478689,(404) 853-9324,2751 Emeral Ct SW,Atlanta,30311
Willie Ware Realty Co Inc,33.7011681,-84.4802302,(404) 344-0404,2797 Campbellton Rd SW,Atlanta,30311
Realty 21 Inc,33.727258,-84.488636,(404) 696-8499,3066 Hazelwood Dr SW,Atlanta,30311
Sunshine Real Estate SVC Llc,33.7129363,-84.4942922,(404) 699-1028,3100 Gold Dr SW,Atlanta,30311
Harold Fambro Realty,33.740765,-84.480087,(404) 752-9039,681 Fielding Ln SW,Atlanta,30311
Community Development Solutions,33.762035,-84.3764729,(678) 362-4786,901 McGill Park Ave NE,Atlanta,30312
Gallemore Group,33.758569,-84.373977,(678) 705-7326,409 John Wesley Dobbs Ave NE,Atlanta,30312
Sovereign Realty & Management LLC,33.758569,-84.373977,(404) 974-4694,409 John Wesley Dobbs Ave NE,Atlanta,30312
Greenjar Home Staging,33.7673836,-84.3616194,(404) 964-8255,794 Ralph McGill Blvd NE,Atlanta,30312
Crown Candy Factory,33.747611,-84.3771573,,320 M.L.K. Jr Dr SW,Atlanta,30312
Camden Vantage Apartments,33.7583827,-84.374713,(404) 221-0360,180 Jackson St NE,Atlanta,30312
City View,33.7613233,-84.3735867,(404) 223-9260,433 Highland Ave NE,Atlanta,30312
444 Suites Student Housing,33.7621015,-84.3724839,(678) 648-1621,444 Highland Ave NE,Atlanta,30312
GeniusCorps Hacker Hostel,33.7621457,-84.372488,(678) 489-8016,444 Highland Ave NE,Atlanta,30312
Justin Longenbach Realtor,33.7598689,-84.3691449,(770) 406-6262,532 Bishop Way NE,Atlanta,30312
Iron House Insurance & Real Estate,33.7541667,-84.3770762,(404) 474-9896,325 Edgewood Ave SE,Atlanta,30312
US Enterprises Inc,33.7467,-84.3809,(404) 419-9700,225 Corey Center SE,Atlanta,30312
First American Realty Group,33.7398051,-84.3817799,(404) 584-0022,173 Richmond St SE,Atlanta,30312
City Space Town Homes,33.7464144,-84.3736127,,307 Cherokee Ave SE,Atlanta,30312
Atlanta Real Estate Consultants,33.7541263,-84.3770047,(404) 379-9900,325 Edgewood Ave SE,Atlanta,30312
DJK Realtors,33.7466244,-84.3745782,(404) 523-6677,401 Memorial Dr SE,Atlanta,30312
Oakland Park,33.746526,-84.3692541,(404) 688-0300,563 Memorial Dr SE,Atlanta,30312
C R Mortgage Solutions,33.7387088,-84.3764851,(404) 222-0456,585 Grant St SE,Atlanta,30312
Eddie Duke Real Estate LLC,33.7218537,-84.3652959,(404) 483-9099,703 Pershing Ave SE,Atlanta,30312
We Sell Restaurants - Atlanta,33.7516805,-84.3998076,(404) 800-6701,101 Centennial Olympic Park Dr,Atlanta,30313
Castleberry Point Lofts,33.7517279,-84.3985592,(404) 688-9900,327 Nelson St SW,Atlanta,30313
Gall Realty Associates,33.7455703,-84.4036426,(404) 589-4664,330 Peters St SW,Atlanta,30313
Dave Atchison Wynd Realty,33.751572,-84.40141,,89 Mangum St SW,Atlanta,30313
Hyatt House Atlanta/Downtown,33.764943,-84.396839,(404) 332-5522,431 Marietta St,Atlanta,30313
Buy N Sell Inc.,33.7645228,-84.3976837,(678) 250-9200,426 Marietta St,Atlanta,30313
S & C Holdings LLC,33.7592142,-84.4173795,(404) 378-4448,165 Joseph E Lowery Blvd NW,Atlanta,30314
Ashby House,33.7549687,-84.4229928,(404) 758-1000,1071 M.L.K. Jr Dr NW,Atlanta,30314
Get Green International,33.764371,-84.4182284,(678) 974-5639,937 Division St NW,Atlanta,30314
Best Properties,33.751315,-84.4215229,(404) 758-2733,1023 Parsons St SW,Atlanta,30314
Gresham Properties,33.7657431,-84.4478652,(404) 794-2721,1856 Pinedale Rd,Atlanta,30314
Mi-Casa Corporate Living,33.7339339,-84.3955025,(770) 826-4582,232 Tennessee Ave SW,Atlanta,30315
Advanced Real Estate,33.7156949,-84.387542,(404) 748-9799,24 Thayer Ave SE,Atlanta,30315
The Social Goat Bed and Breakfast,33.7291792,-84.369429,(404) 626-4830,548 Robinson Ave SE,Atlanta,30315
Jones Group LLC,33.7064922,-84.3954464,(404) 963-7021,245 Amal Dr SW,Atlanta,30315
Signature Management,33.7249319,-84.3963383,(404) 221-0033,1093 West Ave SW,Atlanta,30315
Albion Realty,33.7150458,-84.3682056,(404) 627-2555,1440 Boulevard SE,Atlanta,30315
Al's Deals,33.684907,-84.315178,(770) 912-7712,1897 Whitehall Forest Ct SE,Atlanta,30316
REALESTATE4ULLC.Com,33.704626,-84.306223,(404) 636-9990,2830 Zane Grey Dr SE,Atlanta,30316
Top of Line Realty Inc,33.7328126,-84.3258368,(404) 243-8414,2004 Braeburn Cir SE,Atlanta,30316
Bread Bakery,33.7305808,-84.3425899,,2071 Edgemore Dr SE,Atlanta,30316
Glenwood East,33.7437574,-84.3540856,(404) 381-1081,390 Stovall St SE,Atlanta,30316
The Arrasmith Team,33.73684,-84.349652,(404) 402-3143,635 Moreland Ave SE,Atlanta,30316
Home Buyers of Georgia LLC,33.7352431,-84.3580408,(404) 635-4357,689 Vernon Ave SE,Atlanta,30316
Southeastern RV Rentals,33.7339414,-84.3596055,(678) 644-1458,850 Ormewood Ave SE,Atlanta,30316
Glenwood Green,33.7395097,-84.3565656,(404) 627-1576,951 Glenwood Ave SE,Atlanta,30316
JLL Locators Atlanta,33.7161184,-84.3287783,(404) 748-4466,1438 Bouldercrest Rd,Atlanta,30316
Homes for Atlanta Keller Williams,33.7548858,-84.3220641,(404) 492-7803,106 Kirkwood Rd NE,Atlanta,30317
Bo Bridgeport Brokers Inc,33.759444,-84.323717,(404) 377-1369,236 Howard St NE,Atlanta,30317
Pillar to Post,33.7543447,-84.3190068,(404) 642-9797,92 Branham St NE,Atlanta,30317
Stonegate Cottages,33.7481971,-84.3344499,(404) 897-5558,1602 Memorial Dr SE,Atlanta,30317
Appleton Realty,33.7457352,-84.3186234,(404) 377-2708,2035 Memorial Dr SE,Atlanta,30317
Courtyards At Glenview,33.745708,-84.31864,(404) 371-1006,2035 Memorial Dr SE,Atlanta,30317
Real Estate Mojo,33.7633447,-84.3126667,(404) 667-0629,211 Winter Ave,Atlanta,30317
The Marquis Midtown West,33.810222,-84.4279344,(404) 348-8899,1224 Defoor Village Ct NW,Atlanta,30318
Atlanta Airbnb Pad,33.808383,-84.447744,,1643 Dupont Commons Dr NW,Atlanta,30318
Best Properties Management,33.7767,-84.4655869,,2457 Donald Lee Hollowell Pkwy NW,Atlanta,30318
Galloway Jasmine,33.7722357,-84.4484617,(404) 794-5954,626 S Elizabeth Pl NW,Atlanta,30318
Investment property,33.773472,-84.446503,,676 S Evelyn Pl NW,Atlanta,30318
Kenneth Galloway Real Estate Inc,33.775215,-84.454503,,9 S Eugenia Pl NW,Atlanta,30318
WPM Commercial,33.8129456,-84.4139832,(404) 351-2602,2113 Howell Mill Rd NW,Atlanta,30318
Westmar Student Lofts,33.7781372,-84.4123436,(404) 602-0717,800 West Marietta St NW,Atlanta,30318
The Realty Buyers,33.768917,-84.444748,(770) 203-0705,e 508 Blanche St NW,Atlanta,30318
Lindenburg Realty Inc,33.7833372,-84.4076469,(404) 843-9897,1048 Northside Dr NW,Atlanta,30318
Wilson Hull & Neal,33.799347,-84.4077889,(404) 352-1882,1600 Northside Dr NW,Atlanta,30318
Central Mobile Home Village,33.8101606,-84.4365918,(404) 355-5978,1505 Chattahoochee Ave NW,Atlanta,30318
Pentagon Properties Inc,33.8103014,-84.4367124,(404) 355-5978,1505 Chattahoochee Ave NW,Atlanta,30318
Smith Frederick A,33.7576722,-84.4008249,(404) 355-3261,1 Northside Dr NW,Atlanta,30318
Tenside Apartments,33.781698,-84.408345,(866) 318-4196,1000 Northside Dr NW,Atlanta,30318
Clayton Realty Group,33.782598,-84.452717,(404) 748-4974,1026 Sims Ave NW,Atlanta,30318
Alexan Metro West,33.788809,-84.421335,(404) 367-9378,1040 Huff Rd NW,Atlanta,30318
The Reserve Collier Hills,33.8127853,-84.4231958,(404) 352-4000,1185 Collier Rd NW,Atlanta,30318
Atlanta Home Property,33.820983,-84.440534,(678) 618-0398,1622 Fernleaf Cir NW,Atlanta,30318
JMoore,33.817279,-84.457812,(404) 550-0605,2191 Rando Ln NW,Atlanta,30318
Best Properties Management,33.777125,-84.466701,,2434 Bellview Ave NW,Atlanta,30318
Moore's Mill Village Apartment Homes,33.820569,-84.448374,(404) 352-2035,2453 Coronet Way NW,Atlanta,30318
Croatian Sunrise Properties,33.8255616,-84.4489526,(404) 352-3976,2577 Ridgewood Terrace NW,Atlanta,30318
Staging Techniques Inc,33.793549,-84.403343,(404) 350-9635,465 Bishop St NW,Atlanta,30318
Boland Joe,33.7985225,-84.4087443,(404) 355-6700,634 Antone St NW,Atlanta,30318
Fitzgerald Realty,33.7971168,-84.4138605,(404) 478-9893,775 Berkeley Ave NW,Atlanta,30318
Gene Kansas Development,33.7798784,-84.4107015,(404) 635-0027,914 Howell Mill Rd,Atlanta,30318
1016 Lofts,33.782314,-84.411745,(404) 815-8877,1016 Howell Mill Rd,Atlanta,30318
Partnership Realty Inc,33.9041608,-84.3229942,(404) 234-0011,3818 Glen Arbor Ct NE,Atlanta,30319
Richard Bowers & Co,33.865721,-84.340512,(404) 231-5252,1180 Brookhaven Park Pl NE,Atlanta,30319
Lamb Hal W,33.865708,-84.340232,(404) 237-0097,1186 Brookhaven Park Pl NE,Atlanta,30319
Hometura Realty,33.8886455,-84.3338779,(770) 451-5755,1300 Ragley Hall Rd NE,Atlanta,30319
Dresden Forest Apartments,33.8640886,-84.3279068,,2650 N Thompson Rd NE,Atlanta,30319
Atlanta Discount Properties,33.877121,-84.258602,(404) 229-8004,3522 Ashford Dunwoody Rd NE,Atlanta,30319
Rock Creek at Ashford,33.8996696,-84.333711,(770) 452-7040,3716 Ashford Dunwoody Rd NE,Atlanta,30319
Muffley & Associates,33.860466,-84.3319309,(404) 848-0996,1407 Dresden Dr NE,Atlanta,30319
Brook Haven Condos,33.857903,-84.3448219,(404) 814-9558,1 Brookhaven Dr NE,Atlanta,30319
Westway Hospitality,33.8519016,-84.3458687,(404) 846-8441,1040 Arbor Trce NE,Atlanta,30319
The Stephen W Wright Company,33.858823,-84.3515989,(404) 266-1000,1101 Stovall Blvd NE,Atlanta,30319
Kirkley Development Consultants LLC,33.855309,-84.343917,(404) 826-6073,1124 Standard Dr NE,Atlanta,30319
TRS & Associates Inc.,33.8667264,-84.3397792,(404) 442-9622,1182 Pelly Cir NE,Atlanta,30319
Tom Silveria Realtor,33.8761017,-84.3409605,(404) 210-9284,1194 Manchester Way NE,Atlanta,30319
Real Estate Agent - Kiki Jackson | Real Estate Management Town Brookhaven,33.87367,-84.338969,(404) 850-0899,1239 Newbridge Trace NE,Atlanta,30319
Remax communities Troy Wile,33.8813983,-84.3452213,(678) 283-0758,1266 Windsor Pkwy NE,Atlanta,30319
Exsell Buckhead,33.8606323,-84.3300676,(404) 969-3255,1441 Dresden Dr NE,Atlanta,30319
Berkshires at Lenox Park,33.8466558,-84.3439409,(404) 445-6493,2124 Gables Dr NE,Atlanta,30319
Standards At Lenox Park,33.8465285,-84.3436765,(404) 841-9144,2124 Gables Dr NE,Atlanta,30319
Coldwell Banker Dev Advisors,33.854393,-84.336243,(404) 841-6678,2360 Logan Cir NE,Atlanta,30319
Leflore Commercial Real Estate,33.8576244,-84.3328086,(404) 949-9240,2462 Ellijay Dr NE,Atlanta,30319
Daylight Realty Inc,33.8660921,-84.329151,,2705 Valvedere Dr NE,Atlanta,30319
Paradigme Properties,33.8685431,-84.3397167,(404) 202-0277,2751 Osborne Rd NE,Atlanta,30319
Post Brookhaven,33.8699268,-84.3306563,(404) 231-1223,2829 Caldwell Rd NE,Atlanta,30319
Shumacher Group Restaurant Brokers,33.882831,-84.3327709,(770) 840-2121,3188 Saybrook Dr NE,Atlanta,30319
Black Dog Investments,33.8788389,-84.3190585,(404) 435-7830,3228 Caldwell Rd NE,Atlanta,30319
Facility Advisors Commercial,33.890178,-84.34204,(404) 843-1024,3409 Rennes Dr NE,Atlanta,30319
Langley Commercial Realty,33.8518789,-84.352317,(404) 406-0104,3566 Cantrell Rd NE,Atlanta,30319
Barton Group LLC,33.855862,-84.3548405,(404) 816-5277,3710 Narmore Dr NE,Atlanta,30319
Kruer Real Estate Inc.,33.9165301,-84.3250979,(770) 815-7122,4151 Brawley Dr NE,Atlanta,30319
East Coast Property Management,33.8945706,-84.3294134,(404) 351-1296,3522 Ashford Dunwoody Rd,Atlanta,30319
Engel & Völkers Brookhaven Atlanta,33.861089,-84.330437,(770) 282-7444,1430 Dresden Dr,Atlanta,30319
Wcp Village Place,33.8605137,-84.3319979,(404) 816-2323,1407 Dresden Dr,Atlanta,30319
Luxury Homes By Sian,33.8571107,-84.3430418,(404) 903-5783,3925 Peachtree Rd,Atlanta,30319
Slutsky Realty Group,33.8825846,-84.3290121,(404) 748-4201,1398 Lanier Manor,Atlanta,30319
Free Atlanta Real Estate Search,33.8701287,-84.3242824,(678) 248-6260,1570 Crossway Dr,Atlanta,30319
Webster Realty,33.865423,-84.3135879,(770) 367-7831,2651 Dresden Pl,Atlanta,30319
Windsor at Brookhaven,33.8704081,-84.3354862,(404) 841-4200,305 Brookhaven Ave,Atlanta,30319
Bradco Inc,33.854558,-84.3574441,(404) 233-1676,3642 Peachtree Rd,Atlanta,30319
The Goodwynn at Town Brookhaven,33.870299,-84.3368654,(404) 554-8696,705 Town Blvd,Atlanta,30319
TownePlace Suites Atlanta Buckhead,33.826163,-84.3610108,(404) 949-4820,820 Sidney Marcus Blvd NE,Atlanta,30324
John and Lance@Prudential GA Realty,33.8174739,-84.3420209,(404) 210-7961,1297 Brook Forest Dr NE,Atlanta,30324
Witt & Associates,33.842131,-84.346526,(404) 841-0644,2006 Tall Tree Dr NE,Atlanta,30324
RE/MAX Metro Atlanta,33.8280123,-84.3489986,(404) 405-6992,2688 Rivers Edge Dr NE,Atlanta,30324
Portfolio Builders Real Estate Co,33.8375549,-84.3586183,,3045 Stone Gate Dr,Atlanta,30324
Capulets,33.7965431,-84.3709005,(404) 876-9003,1510 Piedmont Ave NE,Atlanta,30324
Capitol Matrix,33.8341494,-84.3562389,(404) 848-0288,2921 Lenox Way NE,Atlanta,30324
My Atlanta Luxury Homes,33.809287,-84.370257,(404) 580-9069,2000 Monroe Pl NE,Atlanta,30324
Michael J Mcalpin Realty,33.812895,-84.334449,(404) 636-2290,1224 Weatherstone Dr NE,Atlanta,30324
Gables Sheridan,33.825548,-84.338077,(404) 679-5600,1514 Sheridan Rd NE,Atlanta,30324
Morgan Place Apartment Homes,33.826347,-84.344988,(404) 636-6577,1680 Chantilly Dr NE,Atlanta,30324
9 Mile Trolley-The Loft Stop,33.802011,-84.372736,(404) 681-9304,1736 Monroe Dr NE,Atlanta,30324
Atlanta Condo Real Estate Company,33.802011,-84.372736,(404) 681-9304,1736 Monroe Dr NE,Atlanta,30324
Southern Street Realty,33.802011,-84.372736,(404) 579-9307,1736 Monroe Dr NE,Atlanta,30324
Ga Property Consultant,33.8341239,-84.3452963,(404) 216-1200,1768 Buckhead Ln NE,Atlanta,30324
EXO Properties,33.804428,-84.372912,(404) 541-1260,1801 Rockridge Pl NE,Atlanta,30324
Hello B&B,33.8053748,-84.3647605,(404) 892-8111,1865 Windemere Dr NE,Atlanta,30324
Hellobnb.com,33.8054077,-84.3647177,,1865 Windemere Dr NE,Atlanta,30324
Asian Theropy Spa,33.8102268,-84.3657306,(404) 549-8595,1907 Piedmont Ave NE,Atlanta,30324
Team Rich Richardson,33.83898,-84.347301,(404) 419-3660,1915 Woodsdale Rd NE,Atlanta,30324
AMLI Piedmont Heights,33.8182074,-84.3669856,(770) 954-7003,2323 Piedmont Rd NE,Atlanta,30324
National Corporate Housing,33.8223472,-84.3714522,(404) 549-3747,2450 Camellia Ln NE,Atlanta,30324
Riverstone Residential,33.8253398,-84.3667625,(770) 563-1555,2591 Piedmont Rd NE,Atlanta,30324
The Peninsula at Buckhead,33.824901,-84.366746,(404) 231-0003,2591 Piedmont Rd NE,Atlanta,30324
Marquis Midtown District,33.8118068,-84.3738025,(404) 369-0095,415 Armour Dr NE,Atlanta,30324
Network Communication Inc,33.8124739,-84.3737776,(404) 549-2329,415 Armour Dr NE,Atlanta,30324
771 Lindbergh Apartments,33.8197965,-84.3624516,(404) 233-7717,771 Lindbergh Dr NE,Atlanta,30324
Annette Meyer Commercial Real Estate,33.7973822,-84.3615614,(404) 872-4000,787 Sherwood Rd NE,Atlanta,30324
Lane Co,33.8204777,-84.3648008,(404) 841-5974,2399 Parkland Dr,Atlanta,30324
Lane Realty,33.8204777,-84.3648008,(404) 848-0906,2399 Parkland Dr,Atlanta,30324
National Corporate Housing,33.847129,-84.3559245,(470) 428-4290,960 East Paces Ferry Rd NE,Atlanta,30326
Eugenia Investments Inc,33.8499332,-84.359351,(404) 816-9941,3475 Oak Valley Rd NE,Atlanta,30326
Intercontinental Buckhead Atlanta,33.8456753,-84.3680368,(404) 946-9000,3315 Peachtree Rd NE,Atlanta,30326
W Atlanta - Buckhead,33.8477397,-84.3662939,(678) 500-3100,3377 Peachtree Rd NE,Atlanta,30326
The Westin Buckhead Atlanta,33.8485425,-84.3653723,(404) 365-0065,3391 Peachtree Rd NE,Atlanta,30326
Ultimate Real Estate Rehab Inc,33.849325,-84.370764,(404) 949-0067,3491 Buckhead Loop NE,Atlanta,30326
Post Alexander Apartment Homes,33.8540283,-84.3644572,(404) 841-0872,600 Phipps Blvd NE,Atlanta,30326
Camden Phipps Apartments,33.85466,-84.36596,(404) 261-4015,700 Phipps Blvd NE,Atlanta,30326
Invision Group LLC,33.8499526,-84.3649372,(678) 686-6729,3390 Peachtree Rd,Atlanta,30326
CoStar Group,33.8528252,-84.3640214,(888) 728-0069,3438 Peachtree Rd,Atlanta,30326
Rouzati Realty Inc.,33.854633,-84.358695,(404) 692-9750,3630 Peachtree Rd,Atlanta,30326
Brand Properties,33.8456094,-84.3689355,(404) 816-0055,3328 Peachtree Rd,Atlanta,30326
JWM Properties Inc,33.8456094,-84.3689355,(404) 995-8635,3328 Peachtree Rd,Atlanta,30326
Courtyard Atlanta Buckhead,33.8471103,-84.3700374,(404) 869-0818,3332 Peachtree Rd,Atlanta,30326
JWB Properties,33.8472259,-84.366855,(404) 237-1177,3353 Peachtree Rd,Atlanta,30326
Mandarin Oriental Atlanta,33.8493442,-84.3665027,(404) 995-7500,3376 Peachtree Rd,Atlanta,30326
At&t Global Network Services,33.8474921,-84.3661503,(404) 231-5201,3377 Peachtree Rd,Atlanta,30326
Monarch Realty,33.8501094,-84.364085,(404) 477-2200,3414 Peachtree Rd,Atlanta,30326
The Ritz-Carlton Buckhead,33.850349,-84.363422,(404) 237-2700,3434 Peachtree Rd,Atlanta,30326
Atlanta Homes And Condos Inc,33.857114,-84.3430438,(404) 748-1898,3925 Peachtree Rd,Atlanta,30326
Rialto Capital Partners LLC,33.8262929,-84.4249866,(404) 277-9891,1135 Peachtree Battle Ave NW,Atlanta,30327
The Reserve at West Paces,33.8498187,-84.4323555,(404) 814-1944,1401 West Paces Ferry Rd NW,Atlanta,30327
West Paces Crossing Apartments,33.8500753,-84.4321793,(404) 237-4024,1401 West Paces Ferry Rd NW,Atlanta,30327
AMLI at West Paces,33.8491979,-84.4321758,(404) 812-0353,1401 Paces Ferry Rd NW,Atlanta,30327
Peter E Blum & Co,33.8668892,-84.4362063,(404) 237-2800,1828 Mt Paran Rd NW,Atlanta,30327
Alan J Barocas & Associates,33.8403658,-84.4259432,(404) 350-0387,3101 Howell Mill Rd NW,Atlanta,30327
Conrad Lyles Realtors,33.8730519,-84.4406794,(404) 841-9634,4448 Sentinel Post Rd NW,Atlanta,30327
Classic Atlanta Properties,33.8681049,-84.4492744,(404) 974-4465,4403 Northside Pkwy NW,Atlanta,30327
Odat Realty Services Inc,33.825905,-84.4093369,(404) 355-4466,2585 Arden Rd NW,Atlanta,30327
The Rocca Apartments,33.842775,-84.426199,(404) 262-0510,3280 Northside Pkwy NW,Atlanta,30327
John Singleton & Co,33.850011,-84.419851,(404) 237-9900,3482 Rilman Rd NW,Atlanta,30327
Leasing Team,33.8752469,-84.3999249,(404) 250-1110,4407 Reid Ln NW,Atlanta,30327
Long Partners LP,33.8326383,-84.4202797,(404) 351-3655,997 Nawench Dr NW,Atlanta,30327
Striton Properties,33.8179011,-84.4294913,(404) 549-8389,11 Bohler Mews,Atlanta,30327
The Marq at Brookhaven,33.835736,-84.337919,(404) 969-6914,50 Lincoln Ct Ave NE,Atlanta,30329
Expedia,33.831912,-84.3391228,(404) 728-8787,6 W Druid Hills Dr NE,Atlanta,30329
Viera Briarcliff,33.825957,-84.3163989,(404) 448-1803,2696 N Druid Hills Rd NE,Atlanta,30329
Marquis at Briarcliff,33.8319443,-84.3214365,(678) 666-0909,1000 Gables Way NE,Atlanta,30329
Rose G & Associates,33.815372,-84.328523,(404) 634-8016,1232 Arborvista Dr NE,Atlanta,30329
The Marquis of North Druid Hills,33.824805,-84.335829,(404) 692-6829,1570 Sheridan Rd NE,Atlanta,30329
A Store Is Born Inc,33.811785,-84.323512,(404) 441-4418,1615 Adelia Pl NE,Atlanta,30329
Executive Parkview,33.8317323,-84.3265823,(404) 329-0108,1708 Woodcliff Way NE,Atlanta,30329
Cable Roberts Studio LLC,33.8573018,-84.309785,(404) 728-9331,1970 Variations Dr NE,Atlanta,30329
Britting Group,33.8178631,-84.3151044,(404) 634-3914,2160 Lavista Rd NE,Atlanta,30329
Ken Edwards Enterprises Inc,33.818818,-84.333923,(404) 633-0401,2219 Briarcliff Rd NE,Atlanta,30329
Camden St. Clair Apartments,33.8379468,-84.3149166,(404) 327-9555,3000 Briarcliff Rd NE,Atlanta,30329
Ohsogood Properties - We Buy Houses,33.8375268,-84.313516,(678) 948-8289,3050 Briarcliff Rd NE,Atlanta,30329
Highland Sutton Place,33.8497912,-84.3212902,(404) 321-1255,3580 Buford Hwy NE,Atlanta,30329
Light On the Hill Atlanta,33.8334852,-84.3364154,(404) 315-7499,2090 N Druid Hills Rd,Atlanta,30329
First USA Realty Inc,33.848543,-84.3174499,(770) 482-6822,3078 Clairmont Rd,Atlanta,30329
Sloan Square Apartments,33.813791,-84.337529,(404) 320-0439,1555 Lavista Rd,Atlanta,30329
European American Realty Ltd,33.8442574,-84.3154543,(770) 638-3880,2970 Clairmont Rd,Atlanta,30329
Brookhaven Apartments,33.8484412,-84.3166133,(404) 633-8339,3078 Clairmont Rd,Atlanta,30329
Extended stay,33.8495393,-84.3149859,,3115 Clairmont Rd,Atlanta,30329
Extended Stay America Atlanta - Clairmont,33.849541,-84.314964,(404) 679-4333,3115 Clairmont Rd,Atlanta,30329
Cardtronics ATM,33.660041,-84.435539,(800) 786-9666,1419 Virginia Ave,Atlanta,30337
Red Door Realty Group,33.663136,-84.4465943,(404) 530-2814,3391 Main St,Atlanta,30337
Moguls IN Real Estate,33.656241,-84.4385811,(678) 954-2259,3633 Howard Dr,Atlanta,30337
Cheqmate Realty Consulting,33.644478,-84.482375,(404) 941-7612,4061 Arlene Rd,Atlanta,30337
Gables Mill,33.8919645,-84.4503556,(770) 952-7897,100 Akers Ridge Dr SE,Atlanta,30339
Theblackwellteam,33.8690351,-84.4646001,(770) 933-9004,3510 Vinings Ridge Dr SE,Atlanta,30339
Walton Riverwood,33.8765334,-84.4583867,(678) 701-3892,3270 Walton Riverwood Ln SE,Atlanta,30339
Richard Tuley Realty,33.9032292,-84.4801548,(770) 419-1700,1950 North Park Pl SE,Atlanta,30339
Atlanta Property Acquisitions,33.9084421,-84.463757,(678) 419-0799,1827 Powers Ferry Rd SE,Atlanta,30339
Fletcher Bright Co-Atlanta,33.9084421,-84.463757,(770) 953-6688,1827 Powers Ferry Rd SE,Atlanta,30339
McLain & Merritt P.C. - Powers Ferry Cobb Office,33.9003773,-84.4495654,(678) 903-0585,2120 Powers Ferry Rd SE,Atlanta,30339
Walton River Apartments,33.890153,-84.455444,(678) 390-5589,2550 Akers Mill Rd SE,Atlanta,30339
Taz Anderson Realty,33.8663867,-84.4674474,(770) 434-8104,2931 Paces Ferry Rd SE,Atlanta,30339
Charles D Land Co,33.8672449,-84.4642254,(770) 436-3777,3085 Paces Mill Rd SE,Atlanta,30339
IMIS Inc.,33.869141,-84.4602414,(770) 846-1498,3194 Paces Mill Rd SE,Atlanta,30339
Circle 75 Residential Development,33.8941839,-84.4680642,(404) 446-0075,2839 Crescent Park Ct,Atlanta,30339
The Towns of Crescent Park,33.894392,-84.467375,(404) 446-0075,2839 Crescent Park Ct,Atlanta,30339
Tina Hunsicker Realtor,33.8554984,-84.4693032,(404) 931-3944,2910 Paces Lake Dr,Atlanta,30339
Halter Realty Group,33.9017872,-84.437759,(770) 952-7491,1000 River Vista Dr,Atlanta,30339
Stone Ridge at Vinings Apartments,33.873463,-84.4717639,(866) 760-1530,3000 Cumberland Club Dr,Atlanta,30339
Auction Management Corporation,33.9084421,-84.463757,(770) 980-9565,1827 Powers Ferry Rd,Atlanta,30339
Metropolitan Title Agency Inc.,33.9073,-84.479,(770) 933-0073,1820 The Exchange SE,Atlanta,30339
Wildwood Ridge Apartments,33.899098,-84.4550397,(770) 850-1901,1000 Shadowood Pkwy SE,Atlanta,30339
Corporate Property Advisors,33.8858636,-84.463698,(770) 953-4050,200 Galleria Pkwy SE,Atlanta,30339
F F Properties,33.8859417,-84.4635322,(678) 996-3760,200 Galleria Pkwy SE,Atlanta,30339
Extended Stay America - Atlanta - Vinings,33.863909,-84.475717,(770) 436-1511,2474 Cumberland Pkwy SE,Atlanta,30339
Extended Stay Deluxe Atlanta - Vinings,33.8639006,-84.4757358,(770) 436-1511,2474 Cumberland Pkwy SE,Atlanta,30339
Overton Rise Apartments,33.88611,-84.454701,(770) 435-1111,3695 Cumberland Blvd SE,Atlanta,30339
Baier Realty LLC.,33.839646,-84.470164,(678) 613-2194,4680 Polo Ln SE,Atlanta,30339
Georgia Real Estate International,33.8690965,-84.4959985,(770) 333-0427,3764 Paces Ferry W,Atlanta,30339
Pope & Land Enterprises Inc.,33.8778256,-84.461192,(770) 980-0808,3225 Cumberland Blvd,Atlanta,30339
Courtyard Atlanta Cumberland/Galleria,33.877697,-84.465859,(770) 952-2555,3000 Cumberland Blvd,Atlanta,30339
Holder Properties,33.8752264,-84.4595411,(770) 988-3131,3300 Cumberland Blvd,Atlanta,30339
Hyatt House Atlanta/Cobb Galleria,33.8828855,-84.4533739,(770) 541-2960,3595 Cumberland Blvd,Atlanta,30339
KRC Alderwood Trails,33.9016161,-84.266864,(770) 458-2333,2917 N Dekalb Dr,Atlanta,30340
Retreat,33.8949982,-84.2287174,(770) 934-7244,3475 Pleasantbrook Village Ln,Atlanta,30340
Meridian Property Group Ltd,33.9119919,-84.262361,(404) 522-4111,3042 Oakcliff Rd,Atlanta,30340
Suites At Cbs,33.8888594,-84.2600502,,4001 Presidential Pkwy,Atlanta,30340
Foxwood Apartments,33.9042875,-84.2671684,(404) 984-8377,3852 McElroy Rd,Doraville,30340
Geo Metric Development Inc,33.8788311,-84.2698009,(770) 455-1110,2900 Chamblee Tucker Rd,Atlanta,30341
Nolan T Hanson & Associates,33.8788311,-84.2698009,(770) 458-3698,2900 Chamblee Tucker Rd,Atlanta,30341
Anders Properties,33.8788311,-84.2698009,(770) 457-6900,2900 Chamblee Tucker Rd,Atlanta,30341
Premiumplace,33.8689633,-84.2818674,(770) 407-0059,3119 Colonial Way,Atlanta,30341
Chapman Hall Realtors- Dennis Berdis,33.8813007,-84.3110314,(404) 395-7346,1905 Ham Dr,Atlanta,30341
Home Buyer Rebate Atlanta,33.8813007,-84.3110314,(404) 395-7346,1905 Ham Dr,Atlanta,30341
Camden Creekstone Apartments,33.9193407,-84.3077409,(770) 220-0964,1945 Savoy Dr,Atlanta,30341
Moxley Management LLC,33.907334,-84.303498,(770) 455-4759,2070 Plantation Ln,Atlanta,30341
Southern Traditions Realty Inc,33.879868,-84.241373,(770) 491-1160,3106 Hathaway Ct,Atlanta,30341
Sally English Real Estate Broker,33.8682159,-84.2565259,(770) 939-3174,3218 Bolero Way,Atlanta,30341
The Estuary Apartment Homes,33.8735166,-84.2461489,(770) 939-3830,3450 Evans Rd,Atlanta,30341
Haven Real Estate Investments,33.8681281,-84.3097679,(404) 634-5265,3702 Clairmont Rd,Atlanta,30341
Gentry Realty Investments,33.8780756,-84.2351134,(770) 934-4058,3835 Gladney Dr,Atlanta,30341
City Commercial Real Estate,33.9098345,-84.2962907,(404) 751-6500,3746 Summer Rose Dr,Chamblee,30341
Charter's Realty Inc,33.8788311,-84.2698009,(770) 986-9888,2900 Chamblee Tucker Rd,Chamblee,30341
Georgia International,33.8845271,-84.2449848,(770) 939-3388,3644 Chamblee Tucker Rd,Chamblee,30341
First Atlanta Realty,33.8832179,-84.3097359,(770) 986-5081,4140 Clairmont Rd,Chamblee,30341
Loft 5300 Peachtree Rd Concierge,33.8894998,-84.304654,(770) 455-0252,5300 Peachtree Rd,Chamblee,30341
Matchpoint Real Estate Services,33.892745,-84.35278,(404) 309-2278,615 Regency Forest Ct NE,Atlanta,30342
Renee Reinhard Brown Realtors,33.861361,-84.383856,(404) 231-0132,138 Le Brun Rd NE,Atlanta,30342
Dawn Realtors,33.8550524,-84.3783601,(404) 314-7199,150 Old Ivy RD NE,Atlanta,30342
Square Properties Inc.,33.877165,-84.381458,(404) 250-4488,173 W Wieuca Rd NE,Atlanta,30342
Buckhead Realty,33.8762329,-84.3788274,(404) 389-0632,241 W Wieuca Rd NE,Atlanta,30342
Avenue Real Estate Services,33.8759814,-84.3787249,(404) 551-3788,245 W Wieuca Rd NE,Atlanta,30342
International Sports Properties,33.8545985,-84.3809364,(404) 365-9880,34 Old Ivy Rd NE,Atlanta,30342
Susan L Chase Inc,33.854831,-84.3804339,(404) 816-4015,70 Old Ivy Rd NE,Atlanta,30342
Norma Sissine Inc,33.896006,-84.372157,(404) 255-1297,5164 Timber Trail St NE,Atlanta,30342
Sam Jones Realty Inc,33.882001,-84.3784529,(404) 255-2525,4651 Roswell Rd NE,Atlanta,30342
Re/Max Around Atlanta,33.8629255,-84.3676521,(404) 231-1113,4006 Wieuca Rd NE,Atlanta,30342
Ames Group,33.8752323,-84.3790983,(404) 255-4141,4603 Wieuca Rd NE,Atlanta,30342
Andy Radford Real Estate Investments,33.8736175,-84.3788366,(404) 256-9280,4620 Wieuca Rd NE,Atlanta,30342
Warren Schmitz Associates Realty Inc,33.88155,-84.378679,(404) 256-2301,4641 Roswell Rd NE,Atlanta,30342
Remax Greater Atlanta - The Home Source Group of Atlanta LLC - CRS,33.8955641,-84.3808338,(678) 248-3500,5163 Roswell Rd NE,Atlanta,30342
HFB Associates Corporation,33.8924014,-84.363295,(404) 255-8877,15 S Battery Pl,Atlanta,30342
Ranck & Associates Inc,33.862255,-84.358355,(404) 848-1584,3920 Peachtree Dunwoody Rd,Atlanta,30342
Cott & Lambert Co,33.8876006,-84.3737081,(404) 843-9053,4865 Franklin Pond Rd,Atlanta,30342
Chappell Summers & Associates,33.9057415,-84.3520397,(404) 255-6122,5555 Peachtree Dunwoody Rd,Atlanta,30342
Appraisals By Michael,33.8711683,-84.3796489,(404) 955-9997,4279 Roswell Rd,Atlanta,30342
Atlanta Classic Properties Realtors,33.870999,-84.379746,(404) 642-6600,4279 Roswell Rd,Atlanta,30342
Brighton Court Condominiums,33.9087386,-84.3779838,(404) 943-9566,5641 Roswell Rd,Atlanta,30342
Choice Homes Atlanta,33.6774046,-84.4425998,(404) 748-9735,2855 E Point St,Atlanta,30344
Choice Homes Atlanta,33.740295,-84.417026,(404) 748-9735,898 Oak Street,Atlanta,30344
List 4 Less,33.685739,-84.43053,(404) 766-5636,1276 Spencer Ave,Atlanta,30344
Heritage Creek Devoplement,33.6787603,-84.4414108,(404) 343-2255,1611 White Way,Atlanta,30344
A & W Realty Inc,33.6881109,-84.43836,(404) 765-0000,2465 Main St,Atlanta,30344
Merritts Realty,33.691533,-84.470429,(404) 530-3211,2511 Headland Dr,Atlanta,30344
Cheney Street Lodge,33.6847128,-84.4422321,(404) 763-1854,2582 Cheney St,Atlanta,30344
YDB & Associates Realty,33.680213,-84.457243,(404) 787-9935,2760 Delowe Dr,Atlanta,30344
Green Real Estate Investment,33.687904,-84.485022,(404) 344-8292,2955 Heather Dr,Atlanta,30344
Regency Park Apartments,33.652872,-84.494233,(404) 762-6679,3200 Desert Dr,Atlanta,30344
Meridian at Redwine,33.660284,-84.504143,(855) 225-2884,3755 Redwine Rd,Atlanta,30344
Easy Property Management LLC,33.6794409,-84.4416186,(404) 768-4165,1612 W Cleveland Ave,East Point,30344
East Point Tower,33.6795045,-84.4415836,(404) 580-2795,1612 W Cleveland Ave,East Point,30344
Efficiency Lodge,33.6806917,-84.4312835,(404) 559-1221,1295 Norman Berry Dr,East Point,30344
Hazel North Realty,33.8426422,-84.2886875,(404) 636-0606,2034 Oak Grove Rd NE,Atlanta,30345
Atlanta airport,33.8483358,-84.310983,,1740 Century Cir NE,Atlanta,30345
Penso Realty Co,33.840438,-84.297445,(404) 325-0461,1946 Chrysler Cir NE,Atlanta,30345
Lou Irby Realty,33.8441727,-84.2790672,(404) 325-9777,2069 Castleway Dr NE,Atlanta,30345
ASG Realty Inc,33.846966,-84.2804865,(404) 844-0200,2161 Starfire Dr NE,Atlanta,30345
www.ShortSaleAtlanta.com - Short Sale Experts,33.8469659,-84.2804858,(404) 844-0200,2161 Starfire Dr NE,Atlanta,30345
Sagamore Properties,33.833903,-84.298017,(404) 636-0613,2232 Kodiak Dr NE,Atlanta,30345
Prime Landmark Realty Inc,33.859545,-84.286205,(404) 329-0300,2321 Sherbrooke Dr NE,Atlanta,30345
Shamatta Realty,33.8595723,-84.2884616,(404) 325-2394,2383 Sherbrooke Dr NE,Atlanta,30345
Tennant's Real Estate Services,33.856649,-84.270741,(404) 308-1803,2420 Hawthorne Dr NE,Atlanta,30345
Seaboard Financial Group,33.8588685,-84.2657459,(404) 217-7067,2495 Cravey Dr NE,Atlanta,30345
Anderson at Clairmont,33.8515388,-84.3020539,(404) 982-7900,2500 NE Expy NE,Atlanta,30345
Pagena Bed,33.862423,-84.285661,,2524 Bradford Square NE,Atlanta,30345
Kane Team Inc,33.848085,-84.285296,(404) 636-4859,2630 Woodwardia Rd NE,Atlanta,30345
Vanni & Associates Inc,33.845365,-84.269827,(404) 248-0400,2915 Greenwillow Dr NE,Atlanta,30345
Glenn S Ross & Associates,33.858602,-84.257671,(770) 938-1778,2495 Kings Arms Point NE,Atlanta,30345
The Brooke,33.8609253,-84.2872609,(404) 471-1140,2500 Shallowford Rd,Atlanta,30345
Avenues 85 Apartments,33.8532486,-84.2967012,(404) 633-2675,2515 Northeast Expy,Atlanta,30345
Adjoa's Apt,33.6721045,-84.3876081,(404) 493-3845,183 Mt Zion Rd SE,Atlanta,30354
Sugar Creek Realty,33.6622603,-84.4117995,(404) 530-0510,3375 N Whitney Ave,Atlanta,30354
Apsilon Management LLC,33.6614345,-84.3832743,(404) 564-1701,3434 Renault Rd SE,Atlanta,30354
Mastermind Properties LLC,33.664577,-84.408961,(404) 399-5179,3287 Dogwood Dr,Atlanta,30354
Thomas J Barranco Real Estate,33.664969,-84.399813,(404) 233-0200,400 North Ave,Atlanta,30354
Maison La Vigne,33.6576982,-84.409555,(404) 754-5137,3532 S Fulton Ave,Hapeville,30354
Weichert Realtors The Piedmont Sky Group,33.659524,-84.409409,(404) 975-0717,631 N Central Ave,Hapeville,30354
Norton & Associates Inc,33.661884,-84.415274,(404) 768-8341,790 S Central Ave,Hapeville,30354
